"id","obj_vesion","form_code","type","duplicatable","send_response","date_created","last_modified"
"5739375640110","0","FindMoTeCHID-jf","QUERY","ALLOWED","true","2010-02-15T18:33:20.0","2010-02-15T18:33:20.0"
"95739375640100","0","ANCDefault-jf","QUERY","ALLOWED","true","2010-02-15T18:33:20.0","2010-02-15T18:33:20.0"
"105739375640109","0","ViewPatient-jf","QUERY","ALLOWED","true","2010-02-15T18:33:20.0","2010-02-15T18:33:20.0"
"200000000000000","0","ANC-jf","JFORM","TIME_BOUND","false","2010-02-03T09:02:20.0","2010-02-03T09:02:20.0"
"200000000000001","0","Abortion-jf","JFORM","TIME_BOUND","false","2010-02-03T09:04:02.0","2010-02-03T09:04:02.0"
"200000000000002","0","Delivery-jf","JFORM","TIME_BOUND","true","2010-02-03T09:04:02.0","2010-02-03T09:04:02.0"
"200000000000004","0","DeliveryNotify-jf","JFORM","TIME_BOUND","false","2010-02-03T09:04:02.0","2010-02-03T09:04:02.0"
"200000000000005","0","MotherPNC-jf","JFORM","TIME_BOUND","false","2010-02-03T09:04:02.0","2010-02-03T09:04:02.0"
"200000000000006","0","Death-jf","JFORM","DISALLOWED","false","2010-02-03T09:07:04.0","2010-02-03T09:07:04.0"
"200000000000007","0","TT-jf","JFORM","TIME_BOUND","false","2010-02-03T09:07:04.0","2010-02-03T09:07:04.0"
"200000000000008","0","ChildPNC-jf","JFORM","TIME_BOUND","false","2010-02-03T09:04:02.0","2010-02-03T09:04:02.0"
"200000000000009","0","ChildCWC-jf","JFORM","TIME_BOUND","false","2010-02-03T09:04:02.0","2010-02-03T09:04:02.0"
"200000000000010","0","RegisterPatient-jf","JFORM","DISALLOWED","true","2010-02-03T09:04:02.0","2010-02-03T09:04:02.0"
"200000000000011","0","RegisterPregnancy-jf","JFORM","DISALLOWED","false","2010-02-03T09:04:02.0","2010-02-03T09:04:02.0"
"200000000000012","0","RegisterANCMother-jf","JFORM","DISALLOWED","false","2010-02-03T09:04:02.0","2010-02-03T09:04:02.0"
"200000000000013","0","RegisterCWCChild-jf","JFORM","DISALLOWED","false","2010-02-03T09:04:02.0","2010-02-03T09:04:02.0"
"200000000000014","0","EditPatient-jf","JFORM","TIME_BOUND","false","2010-01-08T14:41:23.0","2010-01-08T15:22:53.0"
"200000000000015","0","GeneralOPD-jf","JFORM","TIME_BOUND","false","2009-12-18T11:04:20.0","2010-01-08T15:22:53.0"
"200000000000016","0","ChildOPD-jf","JFORM","TIME_BOUND","false","2010-02-03T09:10:25.0","2010-02-03T09:10:25.0"
"200000000000017","0","MotherOPD-jf","JFORM","TIME_BOUND","false","2010-02-03T09:10:20.0","2010-02-03T09:10:20.0"
"215739375640108","0","UpcomingCare-jf","QUERY","ALLOWED","true","2010-02-15T18:33:20.0","2010-02-15T18:33:20.0"
"254657657567688","0","RegisterChild","ENCOUNTER","DISALLOWED","false","2010-01-08T14:40:15.0","2010-01-08T15:22:53.0"
"325739375640107","0","OverdueDeliveries-jf","QUERY","ALLOWED","true","2010-02-15T18:33:20.0","2010-02-15T18:33:20.0"
"435739375640106","0","RecentDeliveries-jf","QUERY","ALLOWED","true","2010-02-15T18:33:20.0","2010-02-15T18:33:20.0"
"545739375640105","0","UpcomingDeliveries-jf","QUERY","ALLOWED","true","2010-02-15T18:33:20.0","2010-02-15T18:33:20.0"
"597658468478768","0","PregnancyStop","ENCOUNTER","DISALLOWED","false","2010-01-08T14:19:05.0","2010-01-08T15:22:53.0"
"655739375640104","0","CWCDefault-jf","QUERY","ALLOWED","true","2010-02-15T18:33:20.0","2010-02-15T18:33:20.0"
"678565673457657","0","EditPatient","ENCOUNTER","TIME_BOUND","false","2010-01-08T14:41:23.0","2010-01-08T15:22:53.0"
"765739375640103","0","PNCDefault-jf","QUERY","ALLOWED","true","2010-02-15T18:33:20.0","2010-02-15T18:33:20.0"
"785688106549491","0","GeneralOPD","ENCOUNTER","TIME_BOUND","false","2009-12-18T11:04:20.0","2010-01-08T15:22:53.0"
"785739375640001","0","ANC","ENCOUNTER","TIME_BOUND","false","2010-02-03T09:02:20.0","2010-02-03T09:02:20.0"
"785739375640002","0","Abortion","ENCOUNTER","TIME_BOUND","false","2010-02-03T09:04:02.0","2010-02-03T09:04:02.0"
"785739375640093","0","Delivery","ENCOUNTER","TIME_BOUND","false","2010-02-03T09:04:02.0","2010-02-03T09:04:02.0"
"785739375640094","0","PPC","ENCOUNTER","TIME_BOUND","false","2010-02-03T09:07:04.0","2010-02-03T09:07:04.0"
"785739375640095","0","Death","ENCOUNTER","DISALLOWED","false","2010-02-03T09:07:04.0","2010-02-03T09:07:04.0"
"785739375640096","0","Child","ENCOUNTER","TIME_BOUND","false","2010-02-03T09:10:23.0","2010-02-03T09:10:23.0"
"785739375640097","0","ChildOPD","ENCOUNTER","TIME_BOUND","false","2010-02-03T09:10:25.0","2010-02-03T09:10:25.0"
"785739375640098","0","MotherOPD","ENCOUNTER","TIME_BOUND","false","2010-02-03T09:10:20.0","2010-02-03T09:10:20.0"
"785739375640100","0","ANCDefault","QUERY","ALLOWED","true","2010-02-15T18:33:20.0","2010-02-15T18:33:20.0"
"785739375640101","0","TTDefault","QUERY","ALLOWED","true","2010-02-15T18:33:20.0","2010-02-15T18:33:20.0"
"785739375640102","0","PPCDefault","QUERY","ALLOWED","true","2010-02-15T18:33:20.0","2010-02-15T18:33:20.0"
"785739375640103","0","PNCDefault","QUERY","ALLOWED","true","2010-02-15T18:33:20.0","2010-02-15T18:33:20.0"
"785739375640104","0","CWCDefault","QUERY","ALLOWED","true","2010-02-15T18:33:20.0","2010-02-15T18:33:20.0"
"785739375640105","0","UpcomingDeliveries","QUERY","ALLOWED","true","2010-02-15T18:33:20.0","2010-02-15T18:33:20.0"
"785739375640106","0","RecentDeliveries","QUERY","ALLOWED","true","2010-02-15T18:33:20.0","2010-02-15T18:33:20.0"
"785739375640107","0","OverdueDeliveries","QUERY","ALLOWED","true","2010-02-15T18:33:20.0","2010-02-15T18:33:20.0"
"785739375640108","0","UpcomingCare","QUERY","ALLOWED","true","2010-02-15T18:33:20.0","2010-02-15T18:33:20.0"
"785739375640109","0","ViewPatient","QUERY","ALLOWED","true","2010-02-15T18:33:20.0","2010-02-15T18:33:20.0"
"785739375640110","0","FindMoTeCHID","QUERY","ALLOWED","true","2010-02-15T18:33:20.0","2010-02-15T18:33:20.0"
"875739375640102","0","PPCDefault-jf","QUERY","ALLOWED","true","2010-02-15T18:33:20.0","2010-02-15T18:33:20.0"
"985739375640101","0","TTDefault-jf","QUERY","ALLOWED","true","2010-02-15T18:33:20.0","2010-02-15T18:33:20.0"
